OPERADOR
INSERT INTO OPERADOR (ID, NOMBRE, TELEFONOCONTACTO, TIPO) 
VALUES (100001.0, 'Simplifiés', 9326208.0, 'Empresa');

INSERT INTO OPERADOR (ID, NOMBRE, TELEFONOCONTACTO, TIPO) 
VALUES (100002.0, 'Liè', 5836128.0, 'Empresa');

INSERT INTO OPERADOR (ID, NOMBRE, TELEFONOCONTACTO, TIPO) 
VALUES (100003.0, 'Cunégonde', 9666339.0, 'Empresa');

INSERT INTO OPERADOR (ID, NOMBRE, TELEFONOCONTACTO, TIPO) 
VALUES (100004.0, 'Gaétane', 8095755.0, 'Empresa');

INSERT INTO OPERADOR (ID, NOMBRE, TELEFONOCONTACTO, TIPO) 
VALUES (100005.0, 'Méghane', 6399417.0, 'Empresa');

INSERT INTO OPERADOR (ID, NOMBRE, TELEFONOCONTACTO, TIPO) 
VALUES (100006.0, 'Léa', 9384180.0, 'Empresa');

INSERT INTO OPERADOR (ID, NOMBRE, TELEFONOCONTACTO, TIPO) 
VALUES (100007.0, 'Lyséa', 8939162.0, 'Empresa');

INSERT INTO OPERADOR (ID, NOMBRE, TELEFONOCONTACTO, TIPO) 
VALUES (100008.0, 'Kallisté', 7255972.0, 'Empresa');

INSERT INTO OPERADOR (ID, NOMBRE, TELEFONOCONTACTO, TIPO) 
VALUES (100009.0, 'Görel', 8401737.0, 'Empresa');

INSERT INTO OPERADOR (ID, NOMBRE, TELEFONOCONTACTO, TIPO) 
VALUES (100010.0, 'Styrbjörn', 6808146.0, 'Empresa');

INSERT INTO OPERADOR (ID, NOMBRE, TELEFONOCONTACTO, TIPO) 
VALUES (100011.0, 'Erwéi', 9190251.0, 'Empresa');

INSERT INTO OPERADOR (ID, NOMBRE, TELEFONOCONTACTO, TIPO) 
VALUES (100012.0, 'Maëlann', 8645923.0, 'Empresa');

INSERT INTO OPERADOR (ID, NOMBRE, TELEFONOCONTACTO, TIPO) 
VALUES (100013.0, 'Athéna', 7549037.0, 'Empresa');

INSERT INTO OPERADOR (ID, NOMBRE, TELEFONOCONTACTO, TIPO) 
VALUES (100014.0, 'Mélina', 8514756.0, 'Empresa');

INSERT INTO OPERADOR (ID, NOMBRE, TELEFONOCONTACTO, TIPO) 
VALUES (100015.0, 'Adèle', 6908783.0, 'Empresa');

INSERT INTO OPERADOR (ID, NOMBRE, TELEFONOCONTACTO, TIPO) 
VALUES (100016.0, 'Zhì', 7135632.0, 'Empresa');

INSERT INTO OPERADOR (ID, NOMBRE, TELEFONOCONTACTO, TIPO) 
VALUES (100017.0, 'Adélaïde', 7587463.0, 'Empresa');

INSERT INTO OPERADOR (ID, NOMBRE, TELEFONOCONTACTO, TIPO) 
VALUES (100018.0, 'Nuó', 7318768.0, 'Empresa');

INSERT INTO OPERADOR (ID, NOMBRE, TELEFONOCONTACTO, TIPO) 
VALUES (100019.0, 'Yú', 8871188.0, 'Empresa');

INSERT INTO OPERADOR (ID, NOMBRE, TELEFONOCONTACTO, TIPO) 
VALUES (100020.0, 'Desirée', 7769034.0, 'Empresa');

INSERT INTO OPERADOR (ID, NOMBRE, TELEFONOCONTACTO, TIPO) 
VALUES (100021.0, 'Cunégonde', 6718996.0, 'Empresa');

INSERT INTO OPERADOR (ID, NOMBRE, TELEFONOCONTACTO, TIPO) 
VALUES (100022.0, 'Adèle', 7343613.0, 'Empresa');

INSERT INTO OPERADOR (ID, NOMBRE, TELEFONOCONTACTO, TIPO) 
VALUES (100023.0, 'Maï', 7458659.0, 'Empresa');

INSERT INTO OPERADOR (ID, NOMBRE, TELEFONOCONTACTO, TIPO) 
VALUES (100024.0, 'Agnès', 6924934.0, 'Empresa');

INSERT INTO OPERADOR (ID, NOMBRE, TELEFONOCONTACTO, TIPO) 
VALUES (100025.0, 'Kévina', 6929652.0, 'PersonaNatural');

INSERT INTO OPERADOR (ID, NOMBRE, TELEFONOCONTACTO, TIPO) 
VALUES (100026.0, 'Inès', 9820913.0, 'PersonaNatural');

INSERT INTO OPERADOR (ID, NOMBRE, TELEFONOCONTACTO, TIPO) 
VALUES (100027.0, 'Daphnée', 7817533.0, 'PersonaNatural');

INSERT INTO OPERADOR (ID, NOMBRE, TELEFONOCONTACTO, TIPO) 
VALUES (100028.0, 'Aí', 9965158.0, 'PersonaNatural');

INSERT INTO OPERADOR (ID, NOMBRE, TELEFONOCONTACTO, TIPO) 
VALUES (100029.0, 'Séréna', 7527223.0, 'PersonaNatural');

INSERT INTO OPERADOR (ID, NOMBRE, TELEFONOCONTACTO, TIPO) 
VALUES (100030.0, 'Andréanne', 7137033.0, 'PersonaNatural');

INSERT INTO OPERADOR (ID, NOMBRE, TELEFONOCONTACTO, TIPO) 
VALUES (100031.0, 'Gösta', 6604203.0, 'PersonaNatural');

INSERT INTO OPERADOR (ID, NOMBRE, TELEFONOCONTACTO, TIPO) 
VALUES (100032.0, 'Cinéma', 8643273.0, 'PersonaNatural');

INSERT INTO OPERADOR (ID, NOMBRE, TELEFONOCONTACTO, TIPO) 
VALUES (100033.0, 'Cléa', 9682616.0, 'PersonaNatural');

INSERT INTO OPERADOR (ID, NOMBRE, TELEFONOCONTACTO, TIPO) 
VALUES (100034.0, 'Eléonore', 7661884.0, 'PersonaNatural');

INSERT INTO OPERADOR (ID, NOMBRE, TELEFONOCONTACTO, TIPO) 
VALUES (100035.0, 'Néhémie', 5839796.0, 'PersonaNatural');

INSERT INTO OPERADOR (ID, NOMBRE, TELEFONOCONTACTO, TIPO) 
VALUES (100036.0, 'Edmée', 9396439.0, 'PersonaNatural');

INSERT INTO OPERADOR (ID, NOMBRE, TELEFONOCONTACTO, TIPO) 
VALUES (100037.0, 'André', 9358543.0, 'PersonaNatural');

INSERT INTO OPERADOR (ID, NOMBRE, TELEFONOCONTACTO, TIPO) 
VALUES (100038.0, 'Athéna', 5866926.0, 'PersonaNatural');

INSERT INTO OPERADOR (ID, NOMBRE, TELEFONOCONTACTO, TIPO) 
VALUES (100039.0, 'Annotés', 7784139.0, 'PersonaNatural');

INSERT INTO OPERADOR (ID, NOMBRE, TELEFONOCONTACTO, TIPO) 
VALUES (100040.0, 'Athéna', 5687645.0, 'PersonaNatural');

INSERT INTO OPERADOR (ID, NOMBRE, TELEFONOCONTACTO, TIPO) 
VALUES (100041.0, 'Erwéi', 8380804.0, 'PersonaNatural');

INSERT INTO OPERADOR (ID, NOMBRE, TELEFONOCONTACTO, TIPO) 
VALUES (100042.0, 'Faîtes', 5740818.0, 'PersonaNatural');

INSERT INTO OPERADOR (ID, NOMBRE, TELEFONOCONTACTO, TIPO) 
VALUES (100043.0, 'Agnès', 5064599.0, 'PersonaNatural');

INSERT INTO OPERADOR (ID, NOMBRE, TELEFONOCONTACTO, TIPO) 
VALUES (100044.0, 'Adélaïde', 8625149.0, 'PersonaNatural');

INSERT INTO OPERADOR (ID, NOMBRE, TELEFONOCONTACTO, TIPO) 
VALUES (100045.0, 'Kallisté', 9987342.0, 'PersonaNatural');

INSERT INTO OPERADOR (ID, NOMBRE, TELEFONOCONTACTO, TIPO) 
VALUES (100046.0, 'Camélia', 9037917.0, 'PersonaNatural');

INSERT INTO OPERADOR (ID, NOMBRE, TELEFONOCONTACTO, TIPO) 
VALUES (100047.0, 'Stéphanie', 5423466.0, 'PersonaNatural');

INSERT INTO OPERADOR (ID, NOMBRE, TELEFONOCONTACTO, TIPO) 
VALUES (100048.0, 'Göran', 5658696.0, 'PersonaNatural');

INSERT INTO OPERADOR (ID, NOMBRE, TELEFONOCONTACTO, TIPO) 
VALUES (100049.0, 'Yú', 9992589.0, 'PersonaNatural');

INSERT INTO OPERADOR (ID, NOMBRE, TELEFONOCONTACTO, TIPO) 
VALUES (100050.0, 'Gaétane', 9970667.0, 'PersonaNatural');



EMPRESA
INSERT INTO EMPRESA (ID_OPERADOR, RUT, RST, TIPO) 
VALUES (100001.0, 6260712.0, 8619970.0, 'HOTEL');

INSERT INTO EMPRESA (ID_OPERADOR, RUT, RST, TIPO) 
VALUES (100002.0, 8143953.0, 5708738.0, 'HOTEL');

INSERT INTO EMPRESA (ID_OPERADOR, RUT, RST, TIPO) 
VALUES (100003.0, 7365822.0, 6175378.0, 'HOTEL');

INSERT INTO EMPRESA (ID_OPERADOR, RUT, RST, TIPO) 
VALUES (100004.0, 6448975.0, 6530574.0, 'HOTEL');

INSERT INTO EMPRESA (ID_OPERADOR, RUT, RST, TIPO) 
VALUES (100005.0, 8276712.0, 6673560.0, 'HOTEL');

INSERT INTO EMPRESA (ID_OPERADOR, RUT, RST, TIPO) 
VALUES (100006.0, 6896928.0, 8749448.0, 'HOSTAL');

INSERT INTO EMPRESA (ID_OPERADOR, RUT, RST, TIPO) 
VALUES (100007.0, 8232433.0, 9366072.0, 'HOSTAL');

INSERT INTO EMPRESA (ID_OPERADOR, RUT, RST, TIPO) 
VALUES (100008.0, 7735487.0, 7082369.0, 'HOSTAL');

INSERT INTO EMPRESA (ID_OPERADOR, RUT, RST, TIPO) 
VALUES (100009.0, 8377976.0, 8052332.0, 'HOSTAL');

INSERT INTO EMPRESA (ID_OPERADOR, RUT, RST, TIPO) 
VALUES (100010.0, 6141916.0, 6089778.0, 'HOSTAL');

INSERT INTO EMPRESA (ID_OPERADOR, RUT, RST, TIPO) 
VALUES (100011.0, 6821237.0, 9386453.0, 'HOSTAL');

INSERT INTO EMPRESA (ID_OPERADOR, RUT, RST, TIPO) 
VALUES (100012.0, 6422044.0, 7848092.0, 'ADMINISTRADOR');

INSERT INTO EMPRESA (ID_OPERADOR, RUT, RST, TIPO) 
VALUES (100013.0, 6797667.0, 7887703.0, 'ADMINISTRADOR');

INSERT INTO EMPRESA (ID_OPERADOR, RUT, RST, TIPO) 
VALUES (100014.0, 8408132.0, 5239175.0, 'ADMINISTRADOR');

INSERT INTO EMPRESA (ID_OPERADOR, RUT, RST, TIPO) 
VALUES (100015.0, 7427709.0, 6541204.0, 'ADMINISTRADOR');

INSERT INTO EMPRESA (ID_OPERADOR, RUT, RST, TIPO) 
VALUES (100016.0, 7077685.0, 8400581.0, 'ADMINISTRADOR');

INSERT INTO EMPRESA (ID_OPERADOR, RUT, RST, TIPO) 
VALUES (100017.0, 8049646.0, 6196738.0, 'ADMINISTRADOR');

INSERT INTO EMPRESA (ID_OPERADOR, RUT, RST, TIPO) 
VALUES (100018.0, 7774173.0, 5826809.0, 'VECINO');

INSERT INTO EMPRESA (ID_OPERADOR, RUT, RST, TIPO) 
VALUES (100019.0, 8027465.0, 8929736.0, 'VECINO');

INSERT INTO EMPRESA (ID_OPERADOR, RUT, RST, TIPO) 
VALUES (100020.0, 6825033.0, 9140532.0, 'VECINO');

INSERT INTO EMPRESA (ID_OPERADOR, RUT, RST, TIPO) 
VALUES (100021.0, 8723197.0, 9196035.0, 'VECINO');

INSERT INTO EMPRESA (ID_OPERADOR, RUT, RST, TIPO) 
VALUES (100022.0, 6216533.0, 5060448.0, 'VECINO');

INSERT INTO EMPRESA (ID_OPERADOR, RUT, RST, TIPO) 
VALUES (100023.0, 7787948.0, 6742071.0, 'VECINO');

INSERT INTO EMPRESA (ID_OPERADOR, RUT, RST, TIPO) 
VALUES (100024.0, 7504039.0, 8662897.0, 'VECINO');

HOTEL

INSERT INTO HOTEL (ID_EMPRESA, UBICACION) 
VALUES (100001.0, '62894 Main Junction');

INSERT INTO HOTEL (ID_EMPRESA, UBICACION) 
VALUES (100002.0, '06 Rieder Court');

INSERT INTO HOTEL (ID_EMPRESA, UBICACION) 
VALUES (100003.0, '9448 Gina Court');

INSERT INTO HOTEL (ID_EMPRESA, UBICACION) 
VALUES (100004.0, '8 Schlimgen Court');

INSERT INTO HOTEL (ID_EMPRESA, UBICACION) 
VALUES (100005.0, '21640 Dryden Court');

HOSTAL

INSERT INTO HOSTAL (ID_EMPRESA, HORARIO_APERTURA, HORARIO_CIERRE, UBICACION) 
VALUES (100006.0, '2:37 PM', '4:33 PM', '540 Kipling Alley');

INSERT INTO HOSTAL (ID_EMPRESA, HORARIO_APERTURA, HORARIO_CIERRE, UBICACION) 
VALUES (100007.0, '8:54 PM', '11:13 PM', '9 Jenifer Parkway');

INSERT INTO HOSTAL (ID_EMPRESA, HORARIO_APERTURA, HORARIO_CIERRE, UBICACION) 
VALUES (100008.0, '3:15 AM', '11:32 AM', '29 Debra Parkway');

INSERT INTO HOSTAL (ID_EMPRESA, HORARIO_APERTURA, HORARIO_CIERRE, UBICACION) 
VALUES (100009.0, '10:13 PM', '5:55 PM', '9 Jay Road');

INSERT INTO HOSTAL (ID_EMPRESA, HORARIO_APERTURA, HORARIO_CIERRE, UBICACION) 
VALUES (100010.0, '2:44 PM', '3:55 PM', '051 Old Gate Crossing');

INSERT INTO HOSTAL (ID_EMPRESA, HORARIO_APERTURA, HORARIO_CIERRE, UBICACION) 
VALUES (100011.0, '2:34 AM', '5:09 PM', '73 Jana Court');

ADMINISTRADOR

INSERT INTO ADMINISTRADOR_VIVIENDA (ID_EMPRESA) 
VALUES (100012.0);

INSERT INTO ADMINISTRADOR_VIVIENDA (ID_EMPRESA) 
VALUES (100013.0);

INSERT INTO ADMINISTRADOR_VIVIENDA (ID_EMPRESA) 
VALUES (100014.0);

INSERT INTO ADMINISTRADOR_VIVIENDA (ID_EMPRESA) 
VALUES (100015.0);

INSERT INTO ADMINISTRADOR_VIVIENDA (ID_EMPRESA) 
VALUES (100016.0);

INSERT INTO ADMINISTRADOR_VIVIENDA (ID_EMPRESA) 
VALUES (100017.0);

HOSPEDAJE

INSERT INTO HOSPEDAJE (ID, TIPO) 
VALUES (1000001.0, 'HabHotel');

INSERT INTO HOSPEDAJE (ID, TIPO) 
VALUES (1000002.0, 'HabHotel');

INSERT INTO HOSPEDAJE (ID, TIPO) 
VALUES (1000003.0, 'HabHotel');

INSERT INTO HOSPEDAJE (ID, TIPO) 
VALUES (1000004.0, 'HabHotel');

INSERT INTO HOSPEDAJE (ID, TIPO) 
VALUES (1000005.0, 'HabHotel');

INSERT INTO HOSPEDAJE (ID, TIPO) 
VALUES (1000006.0, 'HabHotel');

INSERT INTO HOSPEDAJE (ID, TIPO) 
VALUES (1000007.0, 'HabHotel');

INSERT INTO HOSPEDAJE (ID, TIPO) 
VALUES (1000008.0, 'HabHostal');

INSERT INTO HOSPEDAJE (ID, TIPO) 
VALUES (1000009.0, 'HabHostal');

INSERT INTO HOSPEDAJE (ID, TIPO) 
VALUES (1000010.0, 'HabHostal');

INSERT INTO HOSPEDAJE (ID, TIPO) 
VALUES (1000011.0, 'HabHostal');

INSERT INTO HOSPEDAJE (ID, TIPO) 
VALUES (1000012.0, 'HabHostal');

INSERT INTO HOSPEDAJE (ID, TIPO) 
VALUES (1000013.0, 'HabHostal');

INSERT INTO HOSPEDAJE (ID, TIPO) 
VALUES (1000014.0, 'HabHostal');

INSERT INTO HOSPEDAJE (ID, TIPO) 
VALUES (1000015.0, 'Vivienda');

INSERT INTO HOSPEDAJE (ID, TIPO) 
VALUES (1000016.0, 'Vivienda');

INSERT INTO HOSPEDAJE (ID, TIPO) 
VALUES (1000017.0, 'Vivienda');

INSERT INTO HOSPEDAJE (ID, TIPO) 
VALUES (1000018.0, 'Vivienda');

INSERT INTO HOSPEDAJE (ID, TIPO) 
VALUES (1000019.0, 'Vivienda');

INSERT INTO HOSPEDAJE (ID, TIPO) 
VALUES (1000020.0, 'Vivienda');

INSERT INTO HOSPEDAJE (ID, TIPO) 
VALUES (1000021.0, 'Vivienda');

INSERT INTO HOSPEDAJE (ID, TIPO) 
VALUES (1000022.0, 'Vivienda');

INSERT INTO HOSPEDAJE (ID, TIPO) 
VALUES (1000023.0, 'Vivienda');

INSERT INTO HOSPEDAJE (ID, TIPO) 
VALUES (1000024.0, 'Vivienda');

INSERT INTO HOSPEDAJE (ID, TIPO) 
VALUES (1000025.0, 'Apartamento');

INSERT INTO HOSPEDAJE (ID, TIPO) 
VALUES (1000026.0, 'Apartamento');

INSERT INTO HOSPEDAJE (ID, TIPO) 
VALUES (1000027.0, 'Apartamento');

INSERT INTO HOSPEDAJE (ID, TIPO) 
VALUES (1000028.0, 'Apartamento');

INSERT INTO HOSPEDAJE (ID, TIPO) 
VALUES (1000029.0, 'Apartamento');

INSERT INTO HOSPEDAJE (ID, TIPO) 
VALUES (1000030.0, 'Apartamento');

INSERT INTO HOSPEDAJE (ID, TIPO) 
VALUES (1000031.0, 'Apartamento');

INSERT INTO HOSPEDAJE (ID, TIPO) 
VALUES (1000032.0, 'Apartamento');

INSERT INTO HOSPEDAJE (ID, TIPO) 
VALUES (1000033.0, 'Apartamento');

INSERT INTO HOSPEDAJE (ID, TIPO) 
VALUES (1000034.0, 'Apartamento');

HABITACIONHOTEL

INSERT INTO HABITACIONHOTEL (ID_HOSPEDAJE, TIPOHABITACION, COSTOPORNOCHE, NUMEROHABITACION, CAPACIDAD, CATEGORIAINSTALACION, ID_HOTEL) 
VALUES (1000001.0, 'Suite', 108638.0, '278', 3.0, 1.0, 100003.0);

INSERT INTO HABITACIONHOTEL (ID_HOSPEDAJE, TIPOHABITACION, COSTOPORNOCHE, NUMEROHABITACION, CAPACIDAD, CATEGORIAINSTALACION, ID_HOTEL) 
VALUES (1000002.0, 'Suite', 82160.0, '114', 1.0, 2.0, 100002.0);

INSERT INTO HABITACIONHOTEL (ID_HOSPEDAJE, TIPOHABITACION, COSTOPORNOCHE, NUMEROHABITACION, CAPACIDAD, CATEGORIAINSTALACION, ID_HOTEL) 
VALUES (1000003.0, 'SemiSuite', 132161.0, '279', 5.0, 3.0, 100005.0);

INSERT INTO HABITACIONHOTEL (ID_HOSPEDAJE, TIPOHABITACION, COSTOPORNOCHE, NUMEROHABITACION, CAPACIDAD, CATEGORIAINSTALACION, ID_HOTEL) 
VALUES (1000004.0, 'SemiSuite', 83365.0, '355', 5.0, 1.0, 100001.0);

INSERT INTO HABITACIONHOTEL (ID_HOSPEDAJE, TIPOHABITACION, COSTOPORNOCHE, NUMEROHABITACION, CAPACIDAD, CATEGORIAINSTALACION, ID_HOTEL) 
VALUES (1000005.0, 'Estandar', 61581.0, '282', 4.0, 4.0, 100005.0);

INSERT INTO HABITACIONHOTEL (ID_HOSPEDAJE, TIPOHABITACION, COSTOPORNOCHE, NUMEROHABITACION, CAPACIDAD, CATEGORIAINSTALACION, ID_HOTEL) 
VALUES (1000006.0, 'Estandar', 50317.0, '122', 2.0, 3.0, 100004.0);

HABITACIONHOSTAL

INSERT INTO HABITACIONHOSTAL (ID_HOSPEDAJE, NUMEROHABITACION, CAPACIDAD, ID_HOSTAL, COSTOPORNOCHE) 
VALUES (1000008.0, 161.0, 1.0, 100007.0, 45803.0);

INSERT INTO HABITACIONHOSTAL (ID_HOSPEDAJE, NUMEROHABITACION, CAPACIDAD, ID_HOSTAL, COSTOPORNOCHE) 
VALUES (1000009.0, 274.0, 3.0, 100010.0, 30740.0);

INSERT INTO HABITACIONHOSTAL (ID_HOSPEDAJE, NUMEROHABITACION, CAPACIDAD, ID_HOSTAL, COSTOPORNOCHE) 
VALUES (1000010.0, 367.0, 3.0, 100011.0, 19146.0);

INSERT INTO HABITACIONHOSTAL (ID_HOSPEDAJE, NUMEROHABITACION, CAPACIDAD, ID_HOSTAL, COSTOPORNOCHE) 
VALUES (1000011.0, 426.0, 2.0, 100010.0, 44595.0);

INSERT INTO HABITACIONHOSTAL (ID_HOSPEDAJE, NUMEROHABITACION, CAPACIDAD, ID_HOSTAL, COSTOPORNOCHE) 
VALUES (1000012.0, 132.0, 2.0, 100009.0, 45923.0);

INSERT INTO HABITACIONHOSTAL (ID_HOSPEDAJE, NUMEROHABITACION, CAPACIDAD, ID_HOSTAL, COSTOPORNOCHE) 
VALUES (1000013.0, 247.0, 3.0, 100011.0, 48737.0);

APARTAMENTO

INSERT INTO APARTAMENTO (ID_HOSPEDAJE, AMOBLADO, ID_MIEMBRO_UNIVERSITARIO, COSTO_POR_NOCHE, UBICACION) 
VALUES (1000025.0, 0.0, 100045.0, 134060.0, '35889 Corscot Terrace');

INSERT INTO APARTAMENTO (ID_HOSPEDAJE, AMOBLADO, ID_MIEMBRO_UNIVERSITARIO, COSTO_POR_NOCHE, UBICACION) 
VALUES (1000026.0, 0.0, 100049.0, 99256.0, '7 Maywood Road');

INSERT INTO APARTAMENTO (ID_HOSPEDAJE, AMOBLADO, ID_MIEMBRO_UNIVERSITARIO, COSTO_POR_NOCHE, UBICACION) 
VALUES (1000027.0, 0.0, 100048.0, 146381.0, '7 International Trail');

INSERT INTO APARTAMENTO (ID_HOSPEDAJE, AMOBLADO, ID_MIEMBRO_UNIVERSITARIO, COSTO_POR_NOCHE, UBICACION) 
VALUES (1000028.0, 1.0, 100046.0, 120724.0, '71825 8th Plaza');

INSERT INTO APARTAMENTO (ID_HOSPEDAJE, AMOBLADO, ID_MIEMBRO_UNIVERSITARIO, COSTO_POR_NOCHE, UBICACION) 
VALUES (1000029.0, 0.0, 100050.0, 66027.0, '4694 Nevada Alley');

INSERT INTO APARTAMENTO (ID_HOSPEDAJE, AMOBLADO, ID_MIEMBRO_UNIVERSITARIO, COSTO_POR_NOCHE, UBICACION) 
VALUES (1000030.0, 1.0, 100041.0, 77032.0, '52593 Mallory Junction');

INSERT INTO APARTAMENTO (ID_HOSPEDAJE, AMOBLADO, ID_MIEMBRO_UNIVERSITARIO, COSTO_POR_NOCHE, UBICACION) 
VALUES (1000031.0, 0.0, 100042.0, 106310.0, '67967 Washington Hill');

INSERT INTO APARTAMENTO (ID_HOSPEDAJE, AMOBLADO, ID_MIEMBRO_UNIVERSITARIO, COSTO_POR_NOCHE, UBICACION) 
VALUES (1000032.0, 0.0, 100040.0, 55799.0, '5212 Coolidge Circle');

INSERT INTO APARTAMENTO (ID_HOSPEDAJE, AMOBLADO, ID_MIEMBRO_UNIVERSITARIO, COSTO_POR_NOCHE, UBICACION) 
VALUES (1000033.0, 0.0, 100040.0, 74628.0, '88 Duke Drive');

INSERT INTO APARTAMENTO (ID_HOSPEDAJE, AMOBLADO, ID_MIEMBRO_UNIVERSITARIO, COSTO_POR_NOCHE, UBICACION) 
VALUES (1000034.0, 1.0, 100049.0, 145918.0, '654 Cody Point');

VIVIENDA

INSERT INTO VIVIENDA (ID_HOSPEDAJE, CANTIDADHABITACIONES, MENAJE, COSTOPORNOCHE, UBICACION, ASEGURADORA, TIPOSEGURO, ID_PERSONA) 
VALUES (1000015.0, 2.0, 'NKTR', 86646.0, '7753 Hooker Parkway', 'Ferry, Stanton and Simonis', 'Maecenas leo odio, condimentum id, luctus nec, molestie sed, justo. Pellentesque viverra pede ac diam. Cras pellentesque volutpat dui.', 100036.0);

INSERT INTO VIVIENDA (ID_HOSPEDAJE, CANTIDADHABITACIONES, MENAJE, COSTOPORNOCHE, UBICACION, ASEGURADORA, TIPOSEGURO, ID_PERSONA) 
VALUES (1000016.0, 2.0, 'IGT', 55185.0, '89619 Dovetail Road', 'Legros-Johnston', 'Cras mi pede, malesuada in, imperdiet et, commodo vulputate, justo. In blandit ultrices enim. Lorem ipsum dolor sit amet, consectetuer adipiscing elit.', 100030.0);

INSERT INTO VIVIENDA (ID_HOSPEDAJE, CANTIDADHABITACIONES, MENAJE, COSTOPORNOCHE, UBICACION, ASEGURADORA, TIPOSEGURO, ID_PERSONA) 
VALUES (1000017.0, 1.0, 'PCYG', 94524.0, '166 Brentwood Point', 'Lesch-Robel', 'Praesent blandit. Nam nulla. Integer pede justo, lacinia eget, tincidunt eget, tempus vel, pede.', 100031.0);

INSERT INTO VIVIENDA (ID_HOSPEDAJE, CANTIDADHABITACIONES, MENAJE, COSTOPORNOCHE, UBICACION, ASEGURADORA, TIPOSEGURO, ID_PERSONA) 
VALUES (1000018.0, 3.0, 'SNDE', 67582.0, '90 Jenna Place', 'Herzog-Stroman', 'In sagittis dui vel nisl. Duis ac nibh. Fusce lacus purus, aliquet at, feugiat non, pretium quis, lectus.', 100036.0);

INSERT INTO VIVIENDA (ID_HOSPEDAJE, CANTIDADHABITACIONES, MENAJE, COSTOPORNOCHE, UBICACION, ASEGURADORA, TIPOSEGURO, ID_PERSONA) 
VALUES (1000019.0, 3.0, 'GZT', 60140.0, '7 Tomscot Terrace', 'Rippin-Bernier', 'Vestibulum quam sapien, varius ut, blandit non, interdum in, ante. Vestibulum ante ipsum primis in faucibus orci luctus et ultrices posuere cubilia Curae; Duis faucibus accumsan odio. Curabitur convallis.', 100037.0);

INSERT INTO VIVIENDA (ID_HOSPEDAJE, CANTIDADHABITACIONES, MENAJE, COSTOPORNOCHE, UBICACION, ASEGURADORA, TIPOSEGURO, ID_PERSONA) 
VALUES (1000020.0, 4.0, 'PLAB', 75688.0, '94 Moulton Center', 'Cartwright-Hessel', 'In congue. Etiam justo. Etiam pretium iaculis justo.', 100042.0);

INSERT INTO VIVIENDA (ID_HOSPEDAJE, CANTIDADHABITACIONES, MENAJE, COSTOPORNOCHE, UBICACION, ASEGURADORA, TIPOSEGURO, ID_PERSONA) 
VALUES (1000021.0, 3.0, 'RNG', 53613.0, '05 Bultman Terrace', 'Nienow and Sons', 'Suspendisse potenti. In eleifend quam a odio. In hac habitasse platea dictumst.', 100047.0);

INSERT INTO VIVIENDA (ID_HOSPEDAJE, CANTIDADHABITACIONES, MENAJE, COSTOPORNOCHE, UBICACION, ASEGURADORA, TIPOSEGURO, ID_PERSONA) 
VALUES (1000022.0, 3.0, 'UBA', 94735.0, '79 Prairieview Center', 'Deckow-Kuvalis', 'Sed ante. Vivamus tortor. Duis mattis egestas metus.', 100048.0);

INSERT INTO VIVIENDA (ID_HOSPEDAJE, CANTIDADHABITACIONES, MENAJE, COSTOPORNOCHE, UBICACION, ASEGURADORA, TIPOSEGURO, ID_PERSONA) 
VALUES (1000023.0, 3.0, 'AXR', 60070.0, '67051 Transport Plaza', 'Bednar, Feest and Mertz', 'Integer ac leo. Pellentesque ultrices mattis odio. Donec vitae nisi.', 100046.0);

INSERT INTO VIVIENDA (ID_HOSPEDAJE, CANTIDADHABITACIONES, MENAJE, COSTOPORNOCHE, UBICACION, ASEGURADORA, TIPOSEGURO, ID_PERSONA) 
VALUES (1000024.0, 3.0, 'ANIP', 49401.0, '196 Prairie Rose Road', 'Stehr, Kunze and Nicolas', 'Morbi non lectus. Aliquam sit amet diam in magna bibendum imperdiet. Nullam orci pede, venenatis non, sodales sed, tincidunt eu, felis.', 100025.0);

CLIENTE

INSERT INTO CLIENTE (ID, NOMBRE) 
VALUES (10001.0, 'Fannie Lammerich');

INSERT INTO CLIENTE (ID, NOMBRE) 
VALUES (10002.0, 'Field Inchley');

INSERT INTO CLIENTE (ID, NOMBRE) 
VALUES (10003.0, 'Gerardo Rozec');

INSERT INTO CLIENTE (ID, NOMBRE) 
VALUES (10004.0, 'Ambrosius Keppy');

INSERT INTO CLIENTE (ID, NOMBRE) 
VALUES (10005.0, 'Mischa Whitehorne');

INSERT INTO CLIENTE (ID, NOMBRE) 
VALUES (10006.0, 'Woodman Dunstone');

INSERT INTO CLIENTE (ID, NOMBRE) 
VALUES (10007.0, 'Lona Zannelli');

INSERT INTO CLIENTE (ID, NOMBRE) 
VALUES (10008.0, 'Donella Hauger');

INSERT INTO CLIENTE (ID, NOMBRE) 
VALUES (10009.0, 'Ab Clemensen');

INSERT INTO CLIENTE (ID, NOMBRE) 
VALUES (10010.0, 'Daffie Figurski');

INSERT INTO CLIENTE (ID, NOMBRE) 
VALUES (10011.0, 'Glori Damiral');

INSERT INTO CLIENTE (ID, NOMBRE) 
VALUES (10012.0, 'Frank Rustman');

INSERT INTO CLIENTE (ID, NOMBRE) 
VALUES (10013.0, 'Sondra McHan');

INSERT INTO CLIENTE (ID, NOMBRE) 
VALUES (10014.0, 'Gayel Petrolli');

INSERT INTO CLIENTE (ID, NOMBRE) 
VALUES (10015.0, 'Jilleen Lamlin');

INSERT INTO CLIENTE (ID, NOMBRE) 
VALUES (10016.0, 'Ansel Sturton');

INSERT INTO CLIENTE (ID, NOMBRE) 
VALUES (10017.0, 'Quintilla Godar');

INSERT INTO CLIENTE (ID, NOMBRE) 
VALUES (10018.0, 'Heda Frounks');

INSERT INTO CLIENTE (ID, NOMBRE) 
VALUES (10019.0, 'Tiertza Culbard');

INSERT INTO CLIENTE (ID, NOMBRE) 
VALUES (10020.0, 'Ty Sharpe');

INSERT INTO CLIENTE (ID, NOMBRE) 
VALUES (10021.0, 'Nealson Simoens');

INSERT INTO CLIENTE (ID, NOMBRE) 
VALUES (10022.0, 'Afton Crenage');

INSERT INTO CLIENTE (ID, NOMBRE) 
VALUES (10023.0, 'Pavlov Cushworth');

INSERT INTO CLIENTE (ID, NOMBRE) 
VALUES (10024.0, 'Leo Roskilly');

INSERT INTO CLIENTE (ID, NOMBRE) 
VALUES (10025.0, 'Britteny Chamberlayne');

INSERT INTO CLIENTE (ID, NOMBRE) 
VALUES (10026.0, 'Holli Lightman');

INSERT INTO CLIENTE (ID, NOMBRE) 
VALUES (10027.0, 'Faina Hamlen');

INSERT INTO CLIENTE (ID, NOMBRE) 
VALUES (10028.0, 'Katie McGeachie');

INSERT INTO CLIENTE (ID, NOMBRE) 
VALUES (10029.0, 'Kyle Henriksson');

INSERT INTO CLIENTE (ID, NOMBRE) 
VALUES (10030.0, 'Rebeca Muscott');

INSERT INTO CLIENTE (ID, NOMBRE) 
VALUES (10031.0, 'Brett Perrigo');

INSERT INTO CLIENTE (ID, NOMBRE) 
VALUES (10032.0, 'Pietro Toleman');

INSERT INTO CLIENTE (ID, NOMBRE) 
VALUES (10033.0, 'Olga Sanzio');

INSERT INTO CLIENTE (ID, NOMBRE) 
VALUES (10034.0, 'Annabal Siveter');

INSERT INTO CLIENTE (ID, NOMBRE) 
VALUES (10035.0, 'Frederich Commuzzo');

INSERT INTO CLIENTE (ID, NOMBRE) 
VALUES (10036.0, 'Bowie McIlwain');

INSERT INTO CLIENTE (ID, NOMBRE) 
VALUES (10037.0, 'Savina Caban');

INSERT INTO CLIENTE (ID, NOMBRE) 
VALUES (10038.0, 'Fernandina Hillburn');

INSERT INTO CLIENTE (ID, NOMBRE) 
VALUES (10039.0, 'Madlen Vankin');

INSERT INTO CLIENTE (ID, NOMBRE) 
VALUES (10040.0, 'Pascal Hullins');

INSERT INTO CLIENTE (ID, NOMBRE) 
VALUES (10041.0, 'Torey Silber');

INSERT INTO CLIENTE (ID, NOMBRE) 
VALUES (10042.0, 'Jerad Klimecki');

INSERT INTO CLIENTE (ID, NOMBRE) 
VALUES (10043.0, 'Syd Dick');

INSERT INTO CLIENTE (ID, NOMBRE) 
VALUES (10044.0, 'Lindsey Bracknell');

INSERT INTO CLIENTE (ID, NOMBRE) 
VALUES (10045.0, 'Gunter Cordet');

INSERT INTO CLIENTE (ID, NOMBRE) 
VALUES (10046.0, 'Duky Verni');

INSERT INTO CLIENTE (ID, NOMBRE) 
VALUES (10047.0, 'Dael Hacun');

INSERT INTO CLIENTE (ID, NOMBRE) 
VALUES (10048.0, 'Peter Rowney');

INSERT INTO CLIENTE (ID, NOMBRE) 
VALUES (10049.0, 'Tommy Harral');

INSERT INTO CLIENTE (ID, NOMBRE) 
VALUES (10050.0, 'Rafi Norgan');

RESERVAS
INSERT INTO RESERVA (ID_CLIENTE, ID_HOSPEDAJE, FECHA_INICIO, FECHA_TERMINACION) 
VALUES (10001.0, 1000029.0, to_date('2017-01-10', 'YYYY-MM-DD'), to_date('2017-10-01', 'YYYY-MM-DD'));

INSERT INTO RESERVA (ID_CLIENTE, ID_HOSPEDAJE, FECHA_INICIO, FECHA_TERMINACION) 
VALUES (10002.0, 1000014.0, to_date('2017-05-24', 'YYYY-MM-DD'), to_date('2017-12-09', 'YYYY-MM-DD'));

INSERT INTO RESERVA (ID_CLIENTE, ID_HOSPEDAJE, FECHA_INICIO, FECHA_TERMINACION) 
VALUES (10003.0, 1000030.0, to_date('2017-03-18', 'YYYY-MM-DD'), to_date('2017-11-16', 'YYYY-MM-DD'));

INSERT INTO RESERVA (ID_CLIENTE, ID_HOSPEDAJE, FECHA_INICIO, FECHA_TERMINACION) 
VALUES (10004.0, 1000004.0, to_date('2017-03-23', 'YYYY-MM-DD'), to_date('2017-07-30', 'YYYY-MM-DD'));

INSERT INTO RESERVA (ID_CLIENTE, ID_HOSPEDAJE, FECHA_INICIO, FECHA_TERMINACION) 
VALUES (10005.0, 1000033.0, to_date('2017-05-11', 'YYYY-MM-DD'), to_date('2017-11-21', 'YYYY-MM-DD'));

INSERT INTO RESERVA (ID_CLIENTE, ID_HOSPEDAJE, FECHA_INICIO, FECHA_TERMINACION) 
VALUES (10006.0, 1000019.0, to_date('2017-01-11', 'YYYY-MM-DD'), to_date('2017-11-09', 'YYYY-MM-DD'));

INSERT INTO RESERVA (ID_CLIENTE, ID_HOSPEDAJE, FECHA_INICIO, FECHA_TERMINACION) 
VALUES (10007.0, 1000012.0, to_date('2017-02-25', 'YYYY-MM-DD'), to_date('2017-07-12', 'YYYY-MM-DD'));

INSERT INTO RESERVA (ID_CLIENTE, ID_HOSPEDAJE, FECHA_INICIO, FECHA_TERMINACION) 
VALUES (10008.0, 1000020.0, to_date('2017-05-28', 'YYYY-MM-DD'), to_date('2017-09-23', 'YYYY-MM-DD'));

INSERT INTO RESERVA (ID_CLIENTE, ID_HOSPEDAJE, FECHA_INICIO, FECHA_TERMINACION) 
VALUES (10009.0, 1000012.0, to_date('2017-03-17', 'YYYY-MM-DD'), to_date('2017-10-22', 'YYYY-MM-DD'));

INSERT INTO RESERVA (ID_CLIENTE, ID_HOSPEDAJE, FECHA_INICIO, FECHA_TERMINACION) 
VALUES (10010.0, 1000010.0, to_date('2017-06-12', 'YYYY-MM-DD'), to_date('2017-07-05', 'YYYY-MM-DD'));

INSERT INTO RESERVA (ID_CLIENTE, ID_HOSPEDAJE, FECHA_INICIO, FECHA_TERMINACION) 
VALUES (10011.0, 1000001.0, to_date('2017-01-18', 'YYYY-MM-DD'), to_date('2017-11-01', 'YYYY-MM-DD'));

INSERT INTO RESERVA (ID_CLIENTE, ID_HOSPEDAJE, FECHA_INICIO, FECHA_TERMINACION) 
VALUES (10012.0, 1000005.0, to_date('2017-06-26', 'YYYY-MM-DD'), to_date('2017-11-30', 'YYYY-MM-DD'));

INSERT INTO RESERVA (ID_CLIENTE, ID_HOSPEDAJE, FECHA_INICIO, FECHA_TERMINACION) 
VALUES (10013.0, 1000003.0, to_date('2017-02-11', 'YYYY-MM-DD'), to_date('2017-10-13', 'YYYY-MM-DD'));

INSERT INTO RESERVA (ID_CLIENTE, ID_HOSPEDAJE, FECHA_INICIO, FECHA_TERMINACION) 
VALUES (10014.0, 1000022.0, to_date('2017-03-29', 'YYYY-MM-DD'), to_date('2017-08-01', 'YYYY-MM-DD'));

INSERT INTO RESERVA (ID_CLIENTE, ID_HOSPEDAJE, FECHA_INICIO, FECHA_TERMINACION) 
VALUES (10015.0, 1000017.0, to_date('2017-04-23', 'YYYY-MM-DD'), to_date('2017-11-01', 'YYYY-MM-DD'));

INSERT INTO RESERVA (ID_CLIENTE, ID_HOSPEDAJE, FECHA_INICIO, FECHA_TERMINACION) 
VALUES (10016.0, 1000022.0, to_date('2017-04-03', 'YYYY-MM-DD'), to_date('2017-09-09', 'YYYY-MM-DD'));

INSERT INTO RESERVA (ID_CLIENTE, ID_HOSPEDAJE, FECHA_INICIO, FECHA_TERMINACION) 
VALUES (10017.0, 1000031.0, to_date('2017-04-04', 'YYYY-MM-DD'), to_date('2017-11-05', 'YYYY-MM-DD'));

INSERT INTO RESERVA (ID_CLIENTE, ID_HOSPEDAJE, FECHA_INICIO, FECHA_TERMINACION) 
VALUES (10018.0, 1000031.0, to_date('2017-01-26', 'YYYY-MM-DD'), to_date('2017-08-15', 'YYYY-MM-DD'));

INSERT INTO RESERVA (ID_CLIENTE, ID_HOSPEDAJE, FECHA_INICIO, FECHA_TERMINACION) 
VALUES (10019.0, 1000010.0, to_date('2017-04-15', 'YYYY-MM-DD'), to_date('2017-08-08', 'YYYY-MM-DD'));

INSERT INTO RESERVA (ID_CLIENTE, ID_HOSPEDAJE, FECHA_INICIO, FECHA_TERMINACION) 
VALUES (10020.0, 1000003.0, to_date('2017-01-02', 'YYYY-MM-DD'), to_date('2017-09-18', 'YYYY-MM-DD'));

INSERT INTO RESERVA (ID_CLIENTE, ID_HOSPEDAJE, FECHA_INICIO, FECHA_TERMINACION) 
VALUES (10021.0, 1000031.0, to_date('2017-06-06', 'YYYY-MM-DD'), to_date('2017-07-31', 'YYYY-MM-DD'));

INSERT INTO RESERVA (ID_CLIENTE, ID_HOSPEDAJE, FECHA_INICIO, FECHA_TERMINACION) 
VALUES (10022.0, 1000020.0, to_date('2017-06-13', 'YYYY-MM-DD'), to_date('2017-10-29', 'YYYY-MM-DD'));

INSERT INTO RESERVA (ID_CLIENTE, ID_HOSPEDAJE, FECHA_INICIO, FECHA_TERMINACION) 
VALUES (10023.0, 1000008.0, to_date('2017-05-20', 'YYYY-MM-DD'), to_date('2017-12-11', 'YYYY-MM-DD'));

INSERT INTO RESERVA (ID_CLIENTE, ID_HOSPEDAJE, FECHA_INICIO, FECHA_TERMINACION) 
VALUES (10024.0, 1000016.0, to_date('2017-03-25', 'YYYY-MM-DD'), to_date('2017-11-02', 'YYYY-MM-DD'));

INSERT INTO RESERVA (ID_CLIENTE, ID_HOSPEDAJE, FECHA_INICIO, FECHA_TERMINACION) 
VALUES (10025.0, 1000021.0, to_date('2017-01-19', 'YYYY-MM-DD'), to_date('2017-08-29', 'YYYY-MM-DD'));

INSERT INTO RESERVA (ID_CLIENTE, ID_HOSPEDAJE, FECHA_INICIO, FECHA_TERMINACION) 
VALUES (10026.0, 1000020.0, to_date('2017-04-04', 'YYYY-MM-DD'), to_date('2017-12-24', 'YYYY-MM-DD'));

INSERT INTO RESERVA (ID_CLIENTE, ID_HOSPEDAJE, FECHA_INICIO, FECHA_TERMINACION) 
VALUES (10027.0, 1000021.0, to_date('2017-05-29', 'YYYY-MM-DD'), to_date('2017-11-12', 'YYYY-MM-DD'));

INSERT INTO RESERVA (ID_CLIENTE, ID_HOSPEDAJE, FECHA_INICIO, FECHA_TERMINACION) 
VALUES (10028.0, 1000016.0, to_date('2017-05-27', 'YYYY-MM-DD'), to_date('2017-12-05', 'YYYY-MM-DD'));

INSERT INTO RESERVA (ID_CLIENTE, ID_HOSPEDAJE, FECHA_INICIO, FECHA_TERMINACION) 
VALUES (10029.0, 1000023.0, to_date('2017-02-27', 'YYYY-MM-DD'), to_date('2017-08-19', 'YYYY-MM-DD'));

INSERT INTO RESERVA (ID_CLIENTE, ID_HOSPEDAJE, FECHA_INICIO, FECHA_TERMINACION) 
VALUES (10030.0, 1000009.0, to_date('2017-02-13', 'YYYY-MM-DD'), to_date('2017-08-10', 'YYYY-MM-DD'));

INSERT INTO RESERVA (ID_CLIENTE, ID_HOSPEDAJE, FECHA_INICIO, FECHA_TERMINACION) 
VALUES (10031.0, 1000003.0, to_date('2017-04-30', 'YYYY-MM-DD'), to_date('2017-07-14', 'YYYY-MM-DD'));

INSERT INTO RESERVA (ID_CLIENTE, ID_HOSPEDAJE, FECHA_INICIO, FECHA_TERMINACION) 
VALUES (10032.0, 1000002.0, to_date('2017-04-04', 'YYYY-MM-DD'), to_date('2017-10-02', 'YYYY-MM-DD'));

INSERT INTO RESERVA (ID_CLIENTE, ID_HOSPEDAJE, FECHA_INICIO, FECHA_TERMINACION) 
VALUES (10033.0, 1000008.0, to_date('2017-04-07', 'YYYY-MM-DD'), to_date('2017-11-28', 'YYYY-MM-DD'));

INSERT INTO RESERVA (ID_CLIENTE, ID_HOSPEDAJE, FECHA_INICIO, FECHA_TERMINACION) 
VALUES (10034.0, 1000019.0, to_date('2017-01-30', 'YYYY-MM-DD'), to_date('2017-07-12', 'YYYY-MM-DD'));

INSERT INTO RESERVA (ID_CLIENTE, ID_HOSPEDAJE, FECHA_INICIO, FECHA_TERMINACION) 
VALUES (10035.0, 1000018.0, to_date('2017-02-18', 'YYYY-MM-DD'), to_date('2017-12-16', 'YYYY-MM-DD'));

INSERT INTO RESERVA (ID_CLIENTE, ID_HOSPEDAJE, FECHA_INICIO, FECHA_TERMINACION) 
VALUES (10036.0, 1000006.0, to_date('2017-02-16', 'YYYY-MM-DD'), to_date('2017-10-07', 'YYYY-MM-DD'));

INSERT INTO RESERVA (ID_CLIENTE, ID_HOSPEDAJE, FECHA_INICIO, FECHA_TERMINACION) 
VALUES (10037.0, 1000028.0, to_date('2017-06-07', 'YYYY-MM-DD'), to_date('2017-08-10', 'YYYY-MM-DD'));

INSERT INTO RESERVA (ID_CLIENTE, ID_HOSPEDAJE, FECHA_INICIO, FECHA_TERMINACION) 
VALUES (10038.0, 1000016.0, to_date('2017-04-11', 'YYYY-MM-DD'), to_date('2017-11-13', 'YYYY-MM-DD'));

INSERT INTO RESERVA (ID_CLIENTE, ID_HOSPEDAJE, FECHA_INICIO, FECHA_TERMINACION) 
VALUES (10039.0, 1000018.0, to_date('2017-05-15', 'YYYY-MM-DD'), to_date('2017-07-27', 'YYYY-MM-DD'));

INSERT INTO RESERVA (ID_CLIENTE, ID_HOSPEDAJE, FECHA_INICIO, FECHA_TERMINACION) 
VALUES (10040.0, 1000008.0, to_date('2017-01-30', 'YYYY-MM-DD'), to_date('2017-12-26', 'YYYY-MM-DD'));

INSERT INTO RESERVA (ID_CLIENTE, ID_HOSPEDAJE, FECHA_INICIO, FECHA_TERMINACION) 
VALUES (10041.0, 1000009.0, to_date('2017-02-16', 'YYYY-MM-DD'), to_date('2017-09-30', 'YYYY-MM-DD'));

INSERT INTO RESERVA (ID_CLIENTE, ID_HOSPEDAJE, FECHA_INICIO, FECHA_TERMINACION) 
VALUES (10042.0, 1000032.0, to_date('2017-04-01', 'YYYY-MM-DD'), to_date('2017-09-07', 'YYYY-MM-DD'));

INSERT INTO RESERVA (ID_CLIENTE, ID_HOSPEDAJE, FECHA_INICIO, FECHA_TERMINACION) 
VALUES (10043.0, 1000008.0, to_date('2017-01-21', 'YYYY-MM-DD'), to_date('2017-12-29', 'YYYY-MM-DD'));

INSERT INTO RESERVA (ID_CLIENTE, ID_HOSPEDAJE, FECHA_INICIO, FECHA_TERMINACION) 
VALUES (10044.0, 1000021.0, to_date('2017-01-07', 'YYYY-MM-DD'), to_date('2017-07-28', 'YYYY-MM-DD'));

INSERT INTO RESERVA (ID_CLIENTE, ID_HOSPEDAJE, FECHA_INICIO, FECHA_TERMINACION) 
VALUES (10045.0, 1000020.0, to_date('2017-01-17', 'YYYY-MM-DD'), to_date('2017-09-08', 'YYYY-MM-DD'));

INSERT INTO RESERVA (ID_CLIENTE, ID_HOSPEDAJE, FECHA_INICIO, FECHA_TERMINACION) 
VALUES (10046.0, 1000013.0, to_date('2017-04-17', 'YYYY-MM-DD'), to_date('2017-08-16', 'YYYY-MM-DD'));

INSERT INTO RESERVA (ID_CLIENTE, ID_HOSPEDAJE, FECHA_INICIO, FECHA_TERMINACION) 
VALUES (10047.0, 1000024.0, to_date('2017-05-12', 'YYYY-MM-DD'), to_date('2017-10-24', 'YYYY-MM-DD'));

INSERT INTO RESERVA (ID_CLIENTE, ID_HOSPEDAJE, FECHA_INICIO, FECHA_TERMINACION) 
VALUES (10048.0, 1000024.0, to_date('2017-01-03', 'YYYY-MM-DD'), to_date('2017-10-29', 'YYYY-MM-DD'));

INSERT INTO RESERVA (ID_CLIENTE, ID_HOSPEDAJE, FECHA_INICIO, FECHA_TERMINACION) 
VALUES (10049.0, 1000011.0, to_date('2017-06-12', 'YYYY-MM-DD'), to_date('2017-07-14', 'YYYY-MM-DD'));

INSERT INTO RESERVA (ID_CLIENTE, ID_HOSPEDAJE, FECHA_INICIO, FECHA_TERMINACION) 
VALUES (10050.0, 1000023.0, to_date('2017-03-18', 'YYYY-MM-DD'), to_date('2017-08-16', 'YYYY-MM-DD'));

INSERT INTO RESERVA (ID_CLIENTE, ID_HOSPEDAJE, FECHA_INICIO, FECHA_TERMINACION) 
VALUES (10001.0, 1000032.0, to_date('2018-01-28', 'YYYY-MM-DD'), to_date('2018-02-19', 'YYYY-MM-DD'));

INSERT INTO RESERVA (ID_CLIENTE, ID_HOSPEDAJE, FECHA_INICIO, FECHA_TERMINACION) 
VALUES (10002.0, 1000027.0, to_date('2018-02-14', 'YYYY-MM-DD'), to_date('2018-02-20', 'YYYY-MM-DD'));

INSERT INTO RESERVA (ID_CLIENTE, ID_HOSPEDAJE, FECHA_INICIO, FECHA_TERMINACION) 
VALUES (10003.0, 1000008.0, to_date('2018-02-07', 'YYYY-MM-DD'), to_date('2018-02-26', 'YYYY-MM-DD'));

INSERT INTO RESERVA (ID_CLIENTE, ID_HOSPEDAJE, FECHA_INICIO, FECHA_TERMINACION) 
VALUES (10004.0, 1000008.0, to_date('2018-02-14', 'YYYY-MM-DD'), to_date('2018-03-14', 'YYYY-MM-DD'));

INSERT INTO RESERVA (ID_CLIENTE, ID_HOSPEDAJE, FECHA_INICIO, FECHA_TERMINACION) 
VALUES (10005.0, 1000009.0, to_date('2018-01-08', 'YYYY-MM-DD'), to_date('2018-03-06', 'YYYY-MM-DD'));

INSERT INTO RESERVA (ID_CLIENTE, ID_HOSPEDAJE, FECHA_INICIO, FECHA_TERMINACION) 
VALUES (10006.0, 1000014.0, to_date('2018-01-20', 'YYYY-MM-DD'), to_date('2018-03-18', 'YYYY-MM-DD'));

INSERT INTO RESERVA (ID_CLIENTE, ID_HOSPEDAJE, FECHA_INICIO, FECHA_TERMINACION) 
VALUES (10007.0, 1000011.0, to_date('2018-02-08', 'YYYY-MM-DD'), to_date('2018-03-01', 'YYYY-MM-DD'));

INSERT INTO RESERVA (ID_CLIENTE, ID_HOSPEDAJE, FECHA_INICIO, FECHA_TERMINACION) 
VALUES (10008.0, 1000001.0, to_date('2018-01-15', 'YYYY-MM-DD'), to_date('2018-03-15', 'YYYY-MM-DD'));

INSERT INTO RESERVA (ID_CLIENTE, ID_HOSPEDAJE, FECHA_INICIO, FECHA_TERMINACION) 
VALUES (10009.0, 1000012.0, to_date('2018-02-07', 'YYYY-MM-DD'), to_date('2018-03-04', 'YYYY-MM-DD'));

INSERT INTO RESERVA (ID_CLIENTE, ID_HOSPEDAJE, FECHA_INICIO, FECHA_TERMINACION) 
VALUES (10010.0, 1000001.0, to_date('2018-01-05', 'YYYY-MM-DD'), to_date('2018-03-10', 'YYYY-MM-DD'));

INSERT INTO RESERVA (ID_CLIENTE, ID_HOSPEDAJE, FECHA_INICIO, FECHA_TERMINACION) 
VALUES (10011.0, 1000014.0, to_date('2018-01-16', 'YYYY-MM-DD'), to_date('2018-03-10', 'YYYY-MM-DD'));

INSERT INTO RESERVA (ID_CLIENTE, ID_HOSPEDAJE, FECHA_INICIO, FECHA_TERMINACION) 
VALUES (10012.0, 1000012.0, to_date('2018-01-24', 'YYYY-MM-DD'), to_date('2018-03-11', 'YYYY-MM-DD'));

INSERT INTO RESERVA (ID_CLIENTE, ID_HOSPEDAJE, FECHA_INICIO, FECHA_TERMINACION) 
VALUES (10013.0, 1000029.0, to_date('2018-01-25', 'YYYY-MM-DD'), to_date('2018-03-18', 'YYYY-MM-DD'));

INSERT INTO RESERVA (ID_CLIENTE, ID_HOSPEDAJE, FECHA_INICIO, FECHA_TERMINACION) 
VALUES (10014.0, 1000011.0, to_date('2018-02-09', 'YYYY-MM-DD'), to_date('2018-03-06', 'YYYY-MM-DD'));

INSERT INTO RESERVA (ID_CLIENTE, ID_HOSPEDAJE, FECHA_INICIO, FECHA_TERMINACION) 
VALUES (10015.0, 1000009.0, to_date('2018-01-14', 'YYYY-MM-DD'), to_date('2018-02-21', 'YYYY-MM-DD'));

INSERT INTO RESERVA (ID_CLIENTE, ID_HOSPEDAJE, FECHA_INICIO, FECHA_TERMINACION) 
VALUES (10016.0, 1000015.0, to_date('2018-01-29', 'YYYY-MM-DD'), to_date('2018-03-04', 'YYYY-MM-DD'));

INSERT INTO RESERVA (ID_CLIENTE, ID_HOSPEDAJE, FECHA_INICIO, FECHA_TERMINACION) 
VALUES (10017.0, 1000014.0, to_date('2018-02-11', 'YYYY-MM-DD'), to_date('2018-03-18', 'YYYY-MM-DD'));

INSERT INTO RESERVA (ID_CLIENTE, ID_HOSPEDAJE, FECHA_INICIO, FECHA_TERMINACION) 
VALUES (10018.0, 1000025.0, to_date('2018-02-11', 'YYYY-MM-DD'), to_date('2018-02-20', 'YYYY-MM-DD'));

INSERT INTO RESERVA (ID_CLIENTE, ID_HOSPEDAJE, FECHA_INICIO, FECHA_TERMINACION) 
VALUES (10019.0, 1000027.0, to_date('2018-02-08', 'YYYY-MM-DD'), to_date('2018-03-16', 'YYYY-MM-DD'));

INSERT INTO RESERVA (ID_CLIENTE, ID_HOSPEDAJE, FECHA_INICIO, FECHA_TERMINACION) 
VALUES (10020.0, 1000001.0, to_date('2018-02-15', 'YYYY-MM-DD'), to_date('2018-02-18', 'YYYY-MM-DD'));

INSERT INTO RESERVA (ID_CLIENTE, ID_HOSPEDAJE, FECHA_INICIO, FECHA_TERMINACION) 
VALUES (10021.0, 1000016.0, to_date('2018-01-07', 'YYYY-MM-DD'), to_date('2018-03-09', 'YYYY-MM-DD'));

INSERT INTO RESERVA (ID_CLIENTE, ID_HOSPEDAJE, FECHA_INICIO, FECHA_TERMINACION) 
VALUES (10022.0, 1000034.0, to_date('2018-01-12', 'YYYY-MM-DD'), to_date('2018-02-17', 'YYYY-MM-DD'));

INSERT INTO RESERVA (ID_CLIENTE, ID_HOSPEDAJE, FECHA_INICIO, FECHA_TERMINACION) 
VALUES (10023.0, 1000028.0, to_date('2018-01-31', 'YYYY-MM-DD'), to_date('2018-03-18', 'YYYY-MM-DD'));

INSERT INTO RESERVA (ID_CLIENTE, ID_HOSPEDAJE, FECHA_INICIO, FECHA_TERMINACION) 
VALUES (10024.0, 1000032.0, to_date('2018-01-22', 'YYYY-MM-DD'), to_date('2018-03-14', 'YYYY-MM-DD'));

INSERT INTO RESERVA (ID_CLIENTE, ID_HOSPEDAJE, FECHA_INICIO, FECHA_TERMINACION) 
VALUES (10025.0, 1000002.0, to_date('2018-01-01', 'YYYY-MM-DD'), to_date('2018-03-14', 'YYYY-MM-DD'));

INSERT INTO RESERVA (ID_CLIENTE, ID_HOSPEDAJE, FECHA_INICIO, FECHA_TERMINACION) 
VALUES (10026.0, 1000016.0, to_date('2018-02-07', 'YYYY-MM-DD'), to_date('2018-03-20', 'YYYY-MM-DD'));

INSERT INTO RESERVA (ID_CLIENTE, ID_HOSPEDAJE, FECHA_INICIO, FECHA_TERMINACION) 
VALUES (10027.0, 1000020.0, to_date('2018-02-11', 'YYYY-MM-DD'), to_date('2018-03-18', 'YYYY-MM-DD'));

INSERT INTO RESERVA (ID_CLIENTE, ID_HOSPEDAJE, FECHA_INICIO, FECHA_TERMINACION) 
VALUES (10028.0, 1000025.0, to_date('2018-01-13', 'YYYY-MM-DD'), to_date('2018-03-14', 'YYYY-MM-DD'));

INSERT INTO RESERVA (ID_CLIENTE, ID_HOSPEDAJE, FECHA_INICIO, FECHA_TERMINACION) 
VALUES (10029.0, 1000021.0, to_date('2018-01-02', 'YYYY-MM-DD'), to_date('2018-03-04', 'YYYY-MM-DD'));

INSERT INTO RESERVA (ID_CLIENTE, ID_HOSPEDAJE, FECHA_INICIO, FECHA_TERMINACION) 
VALUES (10030.0, 1000003.0, to_date('2018-01-18', 'YYYY-MM-DD'), to_date('2018-02-25', 'YYYY-MM-DD'));

INSERT INTO RESERVA (ID_CLIENTE, ID_HOSPEDAJE, FECHA_INICIO, FECHA_TERMINACION) 
VALUES (10031.0, 1000019.0, to_date('2018-01-29', 'YYYY-MM-DD'), to_date('2018-03-04', 'YYYY-MM-DD'));

INSERT INTO RESERVA (ID_CLIENTE, ID_HOSPEDAJE, FECHA_INICIO, FECHA_TERMINACION) 
VALUES (10032.0, 1000023.0, to_date('2018-01-31', 'YYYY-MM-DD'), to_date('2018-03-09', 'YYYY-MM-DD'));

INSERT INTO RESERVA (ID_CLIENTE, ID_HOSPEDAJE, FECHA_INICIO, FECHA_TERMINACION) 
VALUES (10033.0, 1000029.0, to_date('2018-02-13', 'YYYY-MM-DD'), to_date('2018-03-12', 'YYYY-MM-DD'));

INSERT INTO RESERVA (ID_CLIENTE, ID_HOSPEDAJE, FECHA_INICIO, FECHA_TERMINACION) 
VALUES (10034.0, 1000034.0, to_date('2018-02-01', 'YYYY-MM-DD'), to_date('2018-03-12', 'YYYY-MM-DD'));

INSERT INTO RESERVA (ID_CLIENTE, ID_HOSPEDAJE, FECHA_INICIO, FECHA_TERMINACION) 
VALUES (10035.0, 1000012.0, to_date('2018-02-02', 'YYYY-MM-DD'), to_date('2018-02-28', 'YYYY-MM-DD'));

INSERT INTO RESERVA (ID_CLIENTE, ID_HOSPEDAJE, FECHA_INICIO, FECHA_TERMINACION) 
VALUES (10036.0, 1000019.0, to_date('2018-01-02', 'YYYY-MM-DD'), to_date('2018-03-06', 'YYYY-MM-DD'));

INSERT INTO RESERVA (ID_CLIENTE, ID_HOSPEDAJE, FECHA_INICIO, FECHA_TERMINACION) 
VALUES (10037.0, 1000002.0, to_date('2018-01-16', 'YYYY-MM-DD'), to_date('2018-03-06', 'YYYY-MM-DD'));

INSERT INTO RESERVA (ID_CLIENTE, ID_HOSPEDAJE, FECHA_INICIO, FECHA_TERMINACION) 
VALUES (10038.0, 1000032.0, to_date('2018-01-24', 'YYYY-MM-DD'), to_date('2018-03-11', 'YYYY-MM-DD'));

INSERT INTO RESERVA (ID_CLIENTE, ID_HOSPEDAJE, FECHA_INICIO, FECHA_TERMINACION) 
VALUES (10039.0, 1000026.0, to_date('2018-02-07', 'YYYY-MM-DD'), to_date('2018-02-20', 'YYYY-MM-DD'));

INSERT INTO RESERVA (ID_CLIENTE, ID_HOSPEDAJE, FECHA_INICIO, FECHA_TERMINACION) 
VALUES (10040.0, 1000020.0, to_date('2018-01-29', 'YYYY-MM-DD'), to_date('2018-03-07', 'YYYY-MM-DD'));

INSERT INTO RESERVA (ID_CLIENTE, ID_HOSPEDAJE, FECHA_INICIO, FECHA_TERMINACION) 
VALUES (10041.0, 1000008.0, to_date('2018-01-24', 'YYYY-MM-DD'), to_date('2018-02-21', 'YYYY-MM-DD'));

INSERT INTO RESERVA (ID_CLIENTE, ID_HOSPEDAJE, FECHA_INICIO, FECHA_TERMINACION) 
VALUES (10042.0, 1000026.0, to_date('2018-02-01', 'YYYY-MM-DD'), to_date('2018-02-26', 'YYYY-MM-DD'));

INSERT INTO RESERVA (ID_CLIENTE, ID_HOSPEDAJE, FECHA_INICIO, FECHA_TERMINACION) 
VALUES (10043.0, 1000025.0, to_date('2018-02-09', 'YYYY-MM-DD'), to_date('2018-02-25', 'YYYY-MM-DD'));

INSERT INTO RESERVA (ID_CLIENTE, ID_HOSPEDAJE, FECHA_INICIO, FECHA_TERMINACION) 
VALUES (10044.0, 1000022.0, to_date('2018-01-23', 'YYYY-MM-DD'), to_date('2018-03-18', 'YYYY-MM-DD'));

INSERT INTO RESERVA (ID_CLIENTE, ID_HOSPEDAJE, FECHA_INICIO, FECHA_TERMINACION) 
VALUES (10045.0, 1000020.0, to_date('2018-02-11', 'YYYY-MM-DD'), to_date('2018-02-24', 'YYYY-MM-DD'));

INSERT INTO RESERVA (ID_CLIENTE, ID_HOSPEDAJE, FECHA_INICIO, FECHA_TERMINACION) 
VALUES (10046.0, 1000023.0, to_date('2018-01-27', 'YYYY-MM-DD'), to_date('2018-02-24', 'YYYY-MM-DD'));

INSERT INTO RESERVA (ID_CLIENTE, ID_HOSPEDAJE, FECHA_INICIO, FECHA_TERMINACION) 
VALUES (10047.0, 1000018.0, to_date('2018-01-19', 'YYYY-MM-DD'), to_date('2018-03-07', 'YYYY-MM-DD'));

INSERT INTO RESERVA (ID_CLIENTE, ID_HOSPEDAJE, FECHA_INICIO, FECHA_TERMINACION) 
VALUES (10048.0, 1000026.0, to_date('2018-02-08', 'YYYY-MM-DD'), to_date('2018-03-04', 'YYYY-MM-DD'));

INSERT INTO RESERVA (ID_CLIENTE, ID_HOSPEDAJE, FECHA_INICIO, FECHA_TERMINACION) 
VALUES (10049.0, 1000026.0, to_date('2018-02-03', 'YYYY-MM-DD'), to_date('2018-02-28', 'YYYY-MM-DD'));

INSERT INTO RESERVA (ID_CLIENTE, ID_HOSPEDAJE, FECHA_INICIO, FECHA_TERMINACION) 
VALUES (10050.0, 1000014.0, to_date('2018-01-09', 'YYYY-MM-DD'), to_date('2018-03-11', 'YYYY-MM-DD'));

PERSONA_NATURAL

INSERT INTO PERSONA_NATURAL (ID_OPERADOR, CEDULA, TIPO) 
VALUES (1000001.0, 6.87678306E9, 'VECINO');

INSERT INTO PERSONA_NATURAL (ID_OPERADOR, CEDULA, TIPO) 
VALUES (1000002.0, 3.697959431E9, 'VECINO');

INSERT INTO PERSONA_NATURAL (ID_OPERADOR, CEDULA, TIPO) 
VALUES (1000003.0, 3.788015481E9, 'VECINO');

INSERT INTO PERSONA_NATURAL (ID_OPERADOR, CEDULA, TIPO) 
VALUES (1000004.0, 4.333702622E9, 'VECINO');

INSERT INTO PERSONA_NATURAL (ID_OPERADOR, CEDULA, TIPO) 
VALUES (1000005.0, 6.480533142E9, 'VECINO');

INSERT INTO PERSONA_NATURAL (ID_OPERADOR, CEDULA, TIPO) 
VALUES (1000006.0, 4.117272488E9, 'VECINO');

INSERT INTO PERSONA_NATURAL (ID_OPERADOR, CEDULA, TIPO) 
VALUES (1000007.0, 4.596276564E9, 'VECINO');

INSERT INTO PERSONA_NATURAL (ID_OPERADOR, CEDULA, TIPO) 
VALUES (1000008.0, 4.320617808E9, 'VECINO');

INSERT INTO PERSONA_NATURAL (ID_OPERADOR, CEDULA, TIPO) 
VALUES (1000009.0, 3.471376676E9, 'VECINO');

INSERT INTO PERSONA_NATURAL (ID_OPERADOR, CEDULA, TIPO) 
VALUES (1000010.0, 3.174943962E9, 'VECINO');

INSERT INTO PERSONA_NATURAL (ID_OPERADOR, CEDULA, TIPO) 
VALUES (1000011.0, 5.205662181E9, 'VECINO');

INSERT INTO PERSONA_NATURAL (ID_OPERADOR, CEDULA, TIPO) 
VALUES (1000012.0, 3.758467675E9, 'VECINO');

INSERT INTO PERSONA_NATURAL (ID_OPERADOR, CEDULA, TIPO) 
VALUES (1000013.0, 4.263283389E9, 'VECINO');
